image_path,label,patient_id
aptos/images/aptos_0000.png,2,aptos_0000
aptos/images/aptos_0001.png,0,aptos_0001
aptos/images/aptos_0002.png,1,aptos_0002
aptos/images/aptos_0003.png,0,aptos_0003
aptos/images/aptos_0004.png,0,aptos_0004
aptos/images/aptos_0005.png,1,aptos_0005
aptos/images/aptos_0006.png,2,aptos_0006
aptos/images/aptos_0007.png,1,aptos_0007
aptos/images/aptos_0008.png,1,aptos_0008
aptos/images/aptos_0009.png,3,aptos_0009
aptos/images/aptos_0010.png,2,aptos_0010
aptos/images/aptos_0011.png,1,aptos_0011
aptos/images/aptos_0012.png,0,aptos_0012
aptos/images/aptos_0013.png,2,aptos_0013
aptos/images/aptos_0014.png,0,aptos_0014
aptos/images/aptos_0015.png,3,aptos_0015
aptos/images/aptos_0016.png,0,aptos_0016
aptos/images/aptos_0017.png,3,aptos_0017
aptos/images/aptos_0018.png,0,aptos_0018
aptos/images/aptos_0019.png,0,aptos_0019
aptos/images/aptos_0020.png,0,aptos_0020
aptos/images/aptos_0021.png,1,aptos_0021
aptos/images/aptos_0022.png,0,aptos_0022
aptos/images/aptos_0023.png,1,aptos_0023
aptos/images/aptos_0024.png,3,aptos_0024
aptos/images/aptos_0025.png,2,aptos_0025
aptos/images/aptos_0026.png,0,aptos_0026
aptos/images/aptos_0027.png,1,aptos_0027
aptos/images/aptos_0028.png,0,aptos_0028
aptos/images/aptos_0029.png,2,aptos_0029
aptos/images/aptos_0030.png,2,aptos_0030
aptos/images/aptos_0031.png,0,aptos_0031
aptos/images/aptos_0032.png,2,aptos_0032
aptos/images/aptos_0033.png,2,aptos_0033
aptos/images/aptos_0034.png,0,aptos_0034
aptos/images/aptos_0035.png,0,aptos_0035
aptos/images/aptos_0036.png,4,aptos_0036
aptos/images/aptos_0037.png,1,aptos_0037
aptos/images/aptos_0038.png,0,aptos_0038
aptos/images/aptos_0039.png,1,aptos_0039
aptos/images/aptos_0040.png,3,aptos_0040
aptos/images/aptos_0041.png,0,aptos_0041
aptos/images/aptos_0042.png,0,aptos_0042
aptos/images/aptos_0043.png,3,aptos_0043
aptos/images/aptos_0044.png,0,aptos_0044
aptos/images/aptos_0045.png,0,aptos_0045
aptos/images/aptos_0046.png,2,aptos_0046
aptos/images/aptos_0047.png,0,aptos_0047
aptos/images/aptos_0048.png,3,aptos_0048
aptos/images/aptos_0049.png,2,aptos_0049
aptos/images/aptos_0050.png,3,aptos_0050
aptos/images/aptos_0051.png,1,aptos_0051
aptos/images/aptos_0052.png,4,aptos_0052
aptos/images/aptos_0053.png,4,aptos_0053
aptos/images/aptos_0054.png,0,aptos_0054
aptos/images/aptos_0055.png,1,aptos_0055
aptos/images/aptos_0056.png,0,aptos_0056
aptos/images/aptos_0057.png,1,aptos_0057
aptos/images/aptos_0058.png,3,aptos_0058
aptos/images/aptos_0059.png,2,aptos_0059
aptos/images/aptos_0060.png,0,aptos_0060
aptos/images/aptos_0061.png,0,aptos_0061
aptos/images/aptos_0062.png,1,aptos_0062
aptos/images/aptos_0063.png,2,aptos_0063
aptos/images/aptos_0064.png,0,aptos_0064
aptos/images/aptos_0065.png,3,aptos_0065
aptos/images/aptos_0066.png,2,aptos_0066
aptos/images/aptos_0067.png,3,aptos_0067
aptos/images/aptos_0068.png,1,aptos_0068
aptos/images/aptos_0069.png,1,aptos_0069
aptos/images/aptos_0070.png,3,aptos_0070
aptos/images/aptos_0071.png,3,aptos_0071
aptos/images/aptos_0072.png,0,aptos_0072
aptos/images/aptos_0073.png,0,aptos_0073
aptos/images/aptos_0074.png,1,aptos_0074
aptos/images/aptos_0075.png,0,aptos_0075
aptos/images/aptos_0076.png,3,aptos_0076
aptos/images/aptos_0077.png,2,aptos_0077
aptos/images/aptos_0078.png,2,aptos_0078
aptos/images/aptos_0079.png,0,aptos_0079
