image_path,label,patient_id,group,split,fold
aptos/images/aptos_0000.png,2,aptos_0000,0,test,1
aptos/images/aptos_0001.png,0,aptos_0001,0,dev,0
aptos/images/aptos_0002.png,1,aptos_0002,0,dev,1
aptos/images/aptos_0003.png,0,aptos_0003,0,dev,0
aptos/images/aptos_0004.png,0,aptos_0004,0,dev,1
aptos/images/aptos_0005.png,1,aptos_0005,0,test,1
aptos/images/aptos_0006.png,2,aptos_0006,0,test,0
aptos/images/aptos_0007.png,1,aptos_0007,0,test,0
aptos/images/aptos_0008.png,1,aptos_0008,0,test,1
aptos/images/aptos_0009.png,3,aptos_0009,0,dev,1
aptos/images/aptos_0010.png,2,aptos_0010,0,test,1
aptos/images/aptos_0011.png,1,aptos_0011,0,test,0
aptos/images/aptos_0012.png,0,aptos_0012,0,dev,0
aptos/images/aptos_0013.png,2,aptos_0013,0,dev,1
aptos/images/aptos_0014.png,0,aptos_0014,0,test,0
aptos/images/aptos_0015.png,3,aptos_0015,0,dev,1
aptos/images/aptos_0016.png,0,aptos_0016,0,test,1
aptos/images/aptos_0017.png,3,aptos_0017,0,test,0
aptos/images/aptos_0018.png,0,aptos_0018,0,test,0
aptos/images/aptos_0019.png,0,aptos_0019,0,test,0
aptos/images/aptos_0020.png,0,aptos_0020,0,test,0
aptos/images/aptos_0021.png,1,aptos_0021,0,test,1
aptos/images/aptos_0022.png,0,aptos_0022,0,test,0
aptos/images/aptos_0023.png,1,aptos_0023,0,dev,0
aptos/images/aptos_0024.png,3,aptos_0024,0,dev,1
aptos/images/aptos_0025.png,2,aptos_0025,0,dev,1
aptos/images/aptos_0026.png,0,aptos_0026,0,test,0
aptos/images/aptos_0027.png,1,aptos_0027,0,dev,1
aptos/images/aptos_0028.png,0,aptos_0028,0,dev,0
aptos/images/aptos_0029.png,2,aptos_0029,0,dev,1
aptos/images/aptos_0030.png,2,aptos_0030,0,dev,1
aptos/images/aptos_0031.png,0,aptos_0031,0,test,1
aptos/images/aptos_0032.png,2,aptos_0032,0,dev,1
aptos/images/aptos_0033.png,2,aptos_0033,0,test,0
aptos/images/aptos_0034.png,0,aptos_0034,0,dev,0
aptos/images/aptos_0035.png,0,aptos_0035,0,dev,0
aptos/images/aptos_0036.png,4,aptos_0036,0,test,1
aptos/images/aptos_0037.png,1,aptos_0037,0,test,1
aptos/images/aptos_0038.png,0,aptos_0038,0,test,0
aptos/images/aptos_0039.png,1,aptos_0039,0,dev,0
aptos/images/aptos_0040.png,3,aptos_0040,0,dev,-1
aptos/images/aptos_0041.png,0,aptos_0041,0,test,-1
aptos/images/aptos_0042.png,0,aptos_0042,0,dev,-1
aptos/images/aptos_0043.png,3,aptos_0043,0,test,-1
aptos/images/aptos_0044.png,0,aptos_0044,0,test,-1
aptos/images/aptos_0045.png,0,aptos_0045,0,dev,-1
aptos/images/aptos_0046.png,2,aptos_0046,0,dev,-1
aptos/images/aptos_0047.png,0,aptos_0047,0,dev,-1
aptos/images/aptos_0048.png,3,aptos_0048,0,test,-1
aptos/images/aptos_0049.png,2,aptos_0049,0,test,-1
aptos/images/aptos_0050.png,3,aptos_0050,0,dev,-1
aptos/images/aptos_0051.png,1,aptos_0051,0,dev,-1
aptos/images/aptos_0052.png,4,aptos_0052,0,dev,-1
aptos/images/aptos_0053.png,4,aptos_0053,0,dev,-1
aptos/images/aptos_0054.png,0,aptos_0054,0,dev,-1
aptos/images/aptos_0055.png,1,aptos_0055,0,dev,-1
aptos/images/aptos_0056.png,0,aptos_0056,0,test,-1
aptos/images/aptos_0057.png,1,aptos_0057,0,test,-1
aptos/images/aptos_0058.png,3,aptos_0058,0,dev,-1
aptos/images/aptos_0059.png,2,aptos_0059,0,test,-1
aptos/images/aptos_0060.png,0,aptos_0060,0,dev,-1
aptos/images/aptos_0061.png,0,aptos_0061,0,dev,-1
aptos/images/aptos_0062.png,1,aptos_0062,0,dev,-1
aptos/images/aptos_0063.png,2,aptos_0063,0,dev,-1
aptos/images/aptos_0064.png,0,aptos_0064,0,test,-1
aptos/images/aptos_0065.png,3,aptos_0065,0,dev,-1
aptos/images/aptos_0066.png,2,aptos_0066,0,dev,-1
aptos/images/aptos_0067.png,3,aptos_0067,0,test,-1
aptos/images/aptos_0068.png,1,aptos_0068,0,dev,-1
aptos/images/aptos_0069.png,1,aptos_0069,0,test,-1
aptos/images/aptos_0070.png,3,aptos_0070,0,test,-1
aptos/images/aptos_0071.png,3,aptos_0071,0,test,-1
aptos/images/aptos_0072.png,0,aptos_0072,0,test,-1
aptos/images/aptos_0073.png,0,aptos_0073,0,dev,-1
aptos/images/aptos_0074.png,1,aptos_0074,0,test,-1
aptos/images/aptos_0075.png,0,aptos_0075,0,test,-1
aptos/images/aptos_0076.png,3,aptos_0076,0,test,-1
aptos/images/aptos_0077.png,2,aptos_0077,0,test,-1
aptos/images/aptos_0078.png,2,aptos_0078,0,test,-1
aptos/images/aptos_0079.png,0,aptos_0079,0,dev,-1
