image_path,label,gradable,split
synthetic_ungradable/synth_ungradable_00000_bright.jpg,5,0,train
synthetic_ungradable/synth_ungradable_00001_bright.jpg,5,0,train
synthetic_ungradable/synth_ungradable_00002_blur.jpg,5,0,train
synthetic_ungradable/synth_ungradable_00003_dark.jpg,5,0,train
synthetic_ungradable/synth_ungradable_00004_dark.jpg,5,0,train
synthetic_ungradable/synth_ungradable_00005_bright.jpg,5,0,train
synthetic_ungradable/synth_ungradable_00006_bright.jpg,5,0,train
synthetic_ungradable/synth_ungradable_00007_bright.jpg,5,0,train
synthetic_ungradable/synth_ungradable_00008_bright.jpg,5,0,train
synthetic_ungradable/synth_ungradable_00009_blur.jpg,5,0,train
synthetic_ungradable/synth_ungradable_00010_dark.jpg,5,0,train
synthetic_ungradable/synth_ungradable_00011_bright.jpg,5,0,train
synthetic_ungradable/synth_ungradable_00012_blur.jpg,5,0,train
synthetic_ungradable/synth_ungradable_00013_dark.jpg,5,0,train
synthetic_ungradable/synth_ungradable_00014_dark.jpg,5,0,train
synthetic_ungradable/synth_ungradable_00015_bright.jpg,5,0,train
synthetic_ungradable/synth_ungradable_00016_bright.jpg,5,0,train
synthetic_ungradable/synth_ungradable_00017_bright.jpg,5,0,train
synthetic_ungradable/synth_ungradable_00018_dark.jpg,5,0,train
synthetic_ungradable/synth_ungradable_00019_blur.jpg,5,0,train
synthetic_ungradable/synth_ungradable_00020_bright.jpg,5,0,train
synthetic_ungradable/synth_ungradable_00021_blur.jpg,5,0,train
synthetic_ungradable/synth_ungradable_00022_bright.jpg,5,0,train
synthetic_ungradable/synth_ungradable_00023_blur.jpg,5,0,train
synthetic_ungradable/synth_ungradable_00024_bright.jpg,5,0,train
synthetic_ungradable/synth_ungradable_00025_dark.jpg,5,0,train
synthetic_ungradable/synth_ungradable_00026_blur.jpg,5,0,train
synthetic_ungradable/synth_ungradable_00027_blur.jpg,5,0,train
synthetic_ungradable/synth_ungradable_00028_blur.jpg,5,0,train
synthetic_ungradable/synth_ungradable_00029_bright.jpg,5,0,train
synthetic_ungradable/synth_ungradable_00030_blur.jpg,5,0,train
synthetic_ungradable/synth_ungradable_00031_dark.jpg,5,0,train
synthetic_ungradable/synth_ungradable_00032_blur.jpg,5,0,train
synthetic_ungradable/synth_ungradable_00033_blur.jpg,5,0,train
synthetic_ungradable/synth_ungradable_00034_blur.jpg,5,0,train
synthetic_ungradable/synth_ungradable_00035_blur.jpg,5,0,train
synthetic_ungradable/synth_ungradable_00036_bright.jpg,5,0,train
synthetic_ungradable/synth_ungradable_00037_bright.jpg,5,0,train
synthetic_ungradable/synth_ungradable_00038_blur.jpg,5,0,train
synthetic_ungradable/synth_ungradable_00039_blur.jpg,5,0,train
synthetic_ungradable/synth_ungradable_00040_blur.jpg,5,0,train
synthetic_ungradable/synth_ungradable_00041_blur.jpg,5,0,train
synthetic_ungradable/synth_ungradable_00042_dark.jpg,5,0,train
synthetic_ungradable/synth_ungradable_00043_bright.jpg,5,0,train
synthetic_ungradable/synth_ungradable_00044_blur.jpg,5,0,train
synthetic_ungradable/synth_ungradable_00045_bright.jpg,5,0,train
synthetic_ungradable/synth_ungradable_00046_blur.jpg,5,0,train
synthetic_ungradable/synth_ungradable_00047_blur.jpg,5,0,train
synthetic_ungradable/synth_ungradable_00048_blur.jpg,5,0,train
synthetic_ungradable/synth_ungradable_00049_bright.jpg,5,0,train
synthetic_ungradable/synth_ungradable_00050_bright.jpg,5,0,train
synthetic_ungradable/synth_ungradable_00051_blur.jpg,5,0,train
synthetic_ungradable/synth_ungradable_00052_blur.jpg,5,0,train
synthetic_ungradable/synth_ungradable_00053_bright.jpg,5,0,train
synthetic_ungradable/synth_ungradable_00054_bright.jpg,5,0,train
synthetic_ungradable/synth_ungradable_00055_dark.jpg,5,0,train
synthetic_ungradable/synth_ungradable_00056_dark.jpg,5,0,train
synthetic_ungradable/synth_ungradable_00057_dark.jpg,5,0,train
synthetic_ungradable/synth_ungradable_00058_blur.jpg,5,0,train
synthetic_ungradable/synth_ungradable_00059_blur.jpg,5,0,train
synthetic_ungradable/synth_ungradable_00060_blur.jpg,5,0,train
synthetic_ungradable/synth_ungradable_00061_dark.jpg,5,0,train
synthetic_ungradable/synth_ungradable_00062_blur.jpg,5,0,train
synthetic_ungradable/synth_ungradable_00063_dark.jpg,5,0,train
synthetic_ungradable/synth_ungradable_00064_blur.jpg,5,0,train
synthetic_ungradable/synth_ungradable_00065_bright.jpg,5,0,train
synthetic_ungradable/synth_ungradable_00066_bright.jpg,5,0,train
synthetic_ungradable/synth_ungradable_00067_blur.jpg,5,0,train
synthetic_ungradable/synth_ungradable_00068_bright.jpg,5,0,train
synthetic_ungradable/synth_ungradable_00069_dark.jpg,5,0,train
synthetic_ungradable/synth_ungradable_00070_blur.jpg,5,0,train
synthetic_ungradable/synth_ungradable_00071_dark.jpg,5,0,train
synthetic_ungradable/synth_ungradable_00072_dark.jpg,5,0,train
synthetic_ungradable/synth_ungradable_00073_dark.jpg,5,0,train
synthetic_ungradable/synth_ungradable_00074_bright.jpg,5,0,train
synthetic_ungradable/synth_ungradable_00075_blur.jpg,5,0,train
synthetic_ungradable/synth_ungradable_00076_bright.jpg,5,0,train
synthetic_ungradable/synth_ungradable_00077_dark.jpg,5,0,train
synthetic_ungradable/synth_ungradable_00078_bright.jpg,5,0,train
synthetic_ungradable/synth_ungradable_00079_blur.jpg,5,0,train
synthetic_ungradable/synth_ungradable_00080_blur.jpg,5,0,train
synthetic_ungradable/synth_ungradable_00081_blur.jpg,5,0,train
synthetic_ungradable/synth_ungradable_00082_blur.jpg,5,0,train
synthetic_ungradable/synth_ungradable_00083_blur.jpg,5,0,train
synthetic_ungradable/synth_ungradable_00084_blur.jpg,5,0,train
synthetic_ungradable/synth_ungradable_00085_blur.jpg,5,0,train
synthetic_ungradable/synth_ungradable_00086_dark.jpg,5,0,train
synthetic_ungradable/synth_ungradable_00087_blur.jpg,5,0,train
synthetic_ungradable/synth_ungradable_00088_blur.jpg,5,0,train
synthetic_ungradable/synth_ungradable_00089_blur.jpg,5,0,train
synthetic_ungradable/synth_ungradable_00090_blur.jpg,5,0,train
synthetic_ungradable/synth_ungradable_00091_blur.jpg,5,0,train
synthetic_ungradable/synth_ungradable_00092_blur.jpg,5,0,train
synthetic_ungradable/synth_ungradable_00093_bright.jpg,5,0,train
synthetic_ungradable/synth_ungradable_00094_blur.jpg,5,0,train
synthetic_ungradable/synth_ungradable_00095_blur.jpg,5,0,train
synthetic_ungradable/synth_ungradable_00096_bright.jpg,5,0,train
synthetic_ungradable/synth_ungradable_00097_blur.jpg,5,0,train
synthetic_ungradable/synth_ungradable_00098_dark.jpg,5,0,train
synthetic_ungradable/synth_ungradable_00099_blur.jpg,5,0,train
synthetic_ungradable/synth_ungradable_00100_dark.jpg,5,0,train
synthetic_ungradable/synth_ungradable_00101_blur.jpg,5,0,train
synthetic_ungradable/synth_ungradable_00102_blur.jpg,5,0,train
synthetic_ungradable/synth_ungradable_00103_blur.jpg,5,0,train
synthetic_ungradable/synth_ungradable_00104_dark.jpg,5,0,train
synthetic_ungradable/synth_ungradable_00105_blur.jpg,5,0,train
synthetic_ungradable/synth_ungradable_00106_blur.jpg,5,0,train
synthetic_ungradable/synth_ungradable_00107_bright.jpg,5,0,train
synthetic_ungradable/synth_ungradable_00108_dark.jpg,5,0,train
synthetic_ungradable/synth_ungradable_00109_dark.jpg,5,0,train
synthetic_ungradable/synth_ungradable_00110_blur.jpg,5,0,train
synthetic_ungradable/synth_ungradable_00111_blur.jpg,5,0,train
synthetic_ungradable/synth_ungradable_00112_bright.jpg,5,0,train
synthetic_ungradable/synth_ungradable_00113_blur.jpg,5,0,train
synthetic_ungradable/synth_ungradable_00114_blur.jpg,5,0,train
synthetic_ungradable/synth_ungradable_00115_bright.jpg,5,0,train
synthetic_ungradable/synth_ungradable_00116_dark.jpg,5,0,train
synthetic_ungradable/synth_ungradable_00117_blur.jpg,5,0,train
synthetic_ungradable/synth_ungradable_00118_blur.jpg,5,0,train
synthetic_ungradable/synth_ungradable_00119_blur.jpg,5,0,train
synthetic_ungradable/synth_ungradable_00120_dark.jpg,5,0,train
synthetic_ungradable/synth_ungradable_00121_dark.jpg,5,0,train
synthetic_ungradable/synth_ungradable_00122_bright.jpg,5,0,train
synthetic_ungradable/synth_ungradable_00123_blur.jpg,5,0,train
synthetic_ungradable/synth_ungradable_00124_blur.jpg,5,0,train
synthetic_ungradable/synth_ungradable_00125_blur.jpg,5,0,train
synthetic_ungradable/synth_ungradable_00126_blur.jpg,5,0,train
synthetic_ungradable/synth_ungradable_00127_dark.jpg,5,0,train
synthetic_ungradable/synth_ungradable_00128_blur.jpg,5,0,train
synthetic_ungradable/synth_ungradable_00129_bright.jpg,5,0,train
synthetic_ungradable/synth_ungradable_00130_blur.jpg,5,0,train
synthetic_ungradable/synth_ungradable_00131_bright.jpg,5,0,train
synthetic_ungradable/synth_ungradable_00132_bright.jpg,5,0,train
synthetic_ungradable/synth_ungradable_00133_blur.jpg,5,0,train
synthetic_ungradable/synth_ungradable_00134_bright.jpg,5,0,train
synthetic_ungradable/synth_ungradable_00135_blur.jpg,5,0,train
synthetic_ungradable/synth_ungradable_00136_bright.jpg,5,0,train
synthetic_ungradable/synth_ungradable_00137_dark.jpg,5,0,train
synthetic_ungradable/synth_ungradable_00138_bright.jpg,5,0,train
synthetic_ungradable/synth_ungradable_00139_blur.jpg,5,0,train
synthetic_ungradable/synth_ungradable_00140_blur.jpg,5,0,train
synthetic_ungradable/synth_ungradable_00141_dark.jpg,5,0,train
synthetic_ungradable/synth_ungradable_00142_blur.jpg,5,0,train
synthetic_ungradable/synth_ungradable_00143_blur.jpg,5,0,train
synthetic_ungradable/synth_ungradable_00144_bright.jpg,5,0,train
synthetic_ungradable/synth_ungradable_00145_blur.jpg,5,0,train
synthetic_ungradable/synth_ungradable_00146_dark.jpg,5,0,train
synthetic_ungradable/synth_ungradable_00147_bright.jpg,5,0,train
synthetic_ungradable/synth_ungradable_00148_blur.jpg,5,0,train
synthetic_ungradable/synth_ungradable_00149_blur.jpg,5,0,train
synthetic_ungradable/synth_ungradable_00150_dark.jpg,5,0,train
synthetic_ungradable/synth_ungradable_00151_blur.jpg,5,0,train
synthetic_ungradable/synth_ungradable_00152_blur.jpg,5,0,train
synthetic_ungradable/synth_ungradable_00153_blur.jpg,5,0,train
synthetic_ungradable/synth_ungradable_00154_blur.jpg,5,0,train
synthetic_ungradable/synth_ungradable_00155_bright.jpg,5,0,train
synthetic_ungradable/synth_ungradable_00156_bright.jpg,5,0,train
synthetic_ungradable/synth_ungradable_00157_blur.jpg,5,0,train
synthetic_ungradable/synth_ungradable_00158_blur.jpg,5,0,train
synthetic_ungradable/synth_ungradable_00159_dark.jpg,5,0,train
synthetic_ungradable/synth_ungradable_00160_blur.jpg,5,0,train
synthetic_ungradable/synth_ungradable_00161_dark.jpg,5,0,train
synthetic_ungradable/synth_ungradable_00162_blur.jpg,5,0,train
synthetic_ungradable/synth_ungradable_00163_blur.jpg,5,0,train
synthetic_ungradable/synth_ungradable_00164_blur.jpg,5,0,train
synthetic_ungradable/synth_ungradable_00165_bright.jpg,5,0,train
synthetic_ungradable/synth_ungradable_00166_blur.jpg,5,0,train
synthetic_ungradable/synth_ungradable_00167_blur.jpg,5,0,train
synthetic_ungradable/synth_ungradable_00168_dark.jpg,5,0,train
synthetic_ungradable/synth_ungradable_00169_blur.jpg,5,0,train
synthetic_ungradable/synth_ungradable_00170_blur.jpg,5,0,train
synthetic_ungradable/synth_ungradable_00171_blur.jpg,5,0,train
synthetic_ungradable/synth_ungradable_00172_dark.jpg,5,0,train
synthetic_ungradable/synth_ungradable_00173_dark.jpg,5,0,train
synthetic_ungradable/synth_ungradable_00174_dark.jpg,5,0,train
synthetic_ungradable/synth_ungradable_00175_dark.jpg,5,0,train
synthetic_ungradable/synth_ungradable_00176_bright.jpg,5,0,train
synthetic_ungradable/synth_ungradable_00177_blur.jpg,5,0,train
synthetic_ungradable/synth_ungradable_00178_blur.jpg,5,0,train
synthetic_ungradable/synth_ungradable_00179_blur.jpg,5,0,train
synthetic_ungradable/synth_ungradable_00180_bright.jpg,5,0,train
synthetic_ungradable/synth_ungradable_00181_blur.jpg,5,0,train
synthetic_ungradable/synth_ungradable_00182_blur.jpg,5,0,train
synthetic_ungradable/synth_ungradable_00183_blur.jpg,5,0,train
synthetic_ungradable/synth_ungradable_00184_dark.jpg,5,0,train
synthetic_ungradable/synth_ungradable_00185_bright.jpg,5,0,train
synthetic_ungradable/synth_ungradable_00186_blur.jpg,5,0,train
synthetic_ungradable/synth_ungradable_00187_bright.jpg,5,0,train
synthetic_ungradable/synth_ungradable_00188_dark.jpg,5,0,train
synthetic_ungradable/synth_ungradable_00189_dark.jpg,5,0,train
synthetic_ungradable/synth_ungradable_00190_blur.jpg,5,0,train
synthetic_ungradable/synth_ungradable_00191_blur.jpg,5,0,train
synthetic_ungradable/synth_ungradable_00192_blur.jpg,5,0,train
synthetic_ungradable/synth_ungradable_00193_bright.jpg,5,0,train
synthetic_ungradable/synth_ungradable_00194_bright.jpg,5,0,train
synthetic_ungradable/synth_ungradable_00195_dark.jpg,5,0,train
synthetic_ungradable/synth_ungradable_00196_bright.jpg,5,0,train
synthetic_ungradable/synth_ungradable_00197_blur.jpg,5,0,train
synthetic_ungradable/synth_ungradable_00198_dark.jpg,5,0,train
synthetic_ungradable/synth_ungradable_00199_bright.jpg,5,0,train
synthetic_ungradable/synth_ungradable_00200_dark.jpg,5,0,train
synthetic_ungradable/synth_ungradable_00201_bright.jpg,5,0,train
synthetic_ungradable/synth_ungradable_00202_blur.jpg,5,0,train
synthetic_ungradable/synth_ungradable_00203_bright.jpg,5,0,train
synthetic_ungradable/synth_ungradable_00204_bright.jpg,5,0,train
synthetic_ungradable/synth_ungradable_00205_dark.jpg,5,0,train
synthetic_ungradable/synth_ungradable_00206_dark.jpg,5,0,train
synthetic_ungradable/synth_ungradable_00207_blur.jpg,5,0,train
synthetic_ungradable/synth_ungradable_00208_blur.jpg,5,0,train
synthetic_ungradable/synth_ungradable_00209_blur.jpg,5,0,train
synthetic_ungradable/synth_ungradable_00210_blur.jpg,5,0,train
synthetic_ungradable/synth_ungradable_00211_bright.jpg,5,0,train
synthetic_ungradable/synth_ungradable_00212_dark.jpg,5,0,train
synthetic_ungradable/synth_ungradable_00213_dark.jpg,5,0,train
synthetic_ungradable/synth_ungradable_00214_dark.jpg,5,0,train
synthetic_ungradable/synth_ungradable_00215_dark.jpg,5,0,train
synthetic_ungradable/synth_ungradable_00216_dark.jpg,5,0,train
synthetic_ungradable/synth_ungradable_00217_dark.jpg,5,0,train
synthetic_ungradable/synth_ungradable_00218_blur.jpg,5,0,train
synthetic_ungradable/synth_ungradable_00219_blur.jpg,5,0,train
synthetic_ungradable/synth_ungradable_00220_bright.jpg,5,0,train
synthetic_ungradable/synth_ungradable_00221_blur.jpg,5,0,train
synthetic_ungradable/synth_ungradable_00222_blur.jpg,5,0,train
synthetic_ungradable/synth_ungradable_00223_bright.jpg,5,0,train
synthetic_ungradable/synth_ungradable_00224_blur.jpg,5,0,train
synthetic_ungradable/synth_ungradable_00225_dark.jpg,5,0,train
synthetic_ungradable/synth_ungradable_00226_dark.jpg,5,0,train
synthetic_ungradable/synth_ungradable_00227_blur.jpg,5,0,train
synthetic_ungradable/synth_ungradable_00228_bright.jpg,5,0,train
synthetic_ungradable/synth_ungradable_00229_blur.jpg,5,0,train
synthetic_ungradable/synth_ungradable_00230_blur.jpg,5,0,train
synthetic_ungradable/synth_ungradable_00231_blur.jpg,5,0,train
synthetic_ungradable/synth_ungradable_00232_blur.jpg,5,0,train
synthetic_ungradable/synth_ungradable_00233_blur.jpg,5,0,train
synthetic_ungradable/synth_ungradable_00234_blur.jpg,5,0,train
synthetic_ungradable/synth_ungradable_00235_blur.jpg,5,0,train
synthetic_ungradable/synth_ungradable_00236_bright.jpg,5,0,train
synthetic_ungradable/synth_ungradable_00237_blur.jpg,5,0,train
synthetic_ungradable/synth_ungradable_00238_bright.jpg,5,0,train
synthetic_ungradable/synth_ungradable_00239_dark.jpg,5,0,train
synthetic_ungradable/synth_ungradable_00240_dark.jpg,5,0,train
synthetic_ungradable/synth_ungradable_00241_bright.jpg,5,0,train
synthetic_ungradable/synth_ungradable_00242_blur.jpg,5,0,train
synthetic_ungradable/synth_ungradable_00243_bright.jpg,5,0,train
synthetic_ungradable/synth_ungradable_00244_dark.jpg,5,0,train
synthetic_ungradable/synth_ungradable_00245_blur.jpg,5,0,train
synthetic_ungradable/synth_ungradable_00246_blur.jpg,5,0,train
synthetic_ungradable/synth_ungradable_00247_bright.jpg,5,0,train
synthetic_ungradable/synth_ungradable_00248_bright.jpg,5,0,train
synthetic_ungradable/synth_ungradable_00249_bright.jpg,5,0,train
synthetic_ungradable/synth_ungradable_00250_blur.jpg,5,0,train
synthetic_ungradable/synth_ungradable_00251_blur.jpg,5,0,train
synthetic_ungradable/synth_ungradable_00252_bright.jpg,5,0,train
synthetic_ungradable/synth_ungradable_00253_blur.jpg,5,0,train
synthetic_ungradable/synth_ungradable_00254_blur.jpg,5,0,train
synthetic_ungradable/synth_ungradable_00255_blur.jpg,5,0,train
synthetic_ungradable/synth_ungradable_00256_bright.jpg,5,0,train
synthetic_ungradable/synth_ungradable_00257_blur.jpg,5,0,train
synthetic_ungradable/synth_ungradable_00258_bright.jpg,5,0,train
synthetic_ungradable/synth_ungradable_00259_blur.jpg,5,0,train
synthetic_ungradable/synth_ungradable_00260_blur.jpg,5,0,train
synthetic_ungradable/synth_ungradable_00261_blur.jpg,5,0,train
synthetic_ungradable/synth_ungradable_00262_blur.jpg,5,0,train
synthetic_ungradable/synth_ungradable_00263_blur.jpg,5,0,train
synthetic_ungradable/synth_ungradable_00264_blur.jpg,5,0,train
synthetic_ungradable/synth_ungradable_00265_blur.jpg,5,0,train
synthetic_ungradable/synth_ungradable_00266_bright.jpg,5,0,train
synthetic_ungradable/synth_ungradable_00267_blur.jpg,5,0,train
synthetic_ungradable/synth_ungradable_00268_dark.jpg,5,0,train
synthetic_ungradable/synth_ungradable_00269_bright.jpg,5,0,train
synthetic_ungradable/synth_ungradable_00270_bright.jpg,5,0,train
synthetic_ungradable/synth_ungradable_00271_dark.jpg,5,0,train
synthetic_ungradable/synth_ungradable_00272_blur.jpg,5,0,train
synthetic_ungradable/synth_ungradable_00273_bright.jpg,5,0,train
synthetic_ungradable/synth_ungradable_00274_dark.jpg,5,0,train
synthetic_ungradable/synth_ungradable_00275_blur.jpg,5,0,train
synthetic_ungradable/synth_ungradable_00276_blur.jpg,5,0,train
synthetic_ungradable/synth_ungradable_00277_blur.jpg,5,0,train
synthetic_ungradable/synth_ungradable_00278_blur.jpg,5,0,train
synthetic_ungradable/synth_ungradable_00279_bright.jpg,5,0,train
synthetic_ungradable/synth_ungradable_00280_dark.jpg,5,0,train
synthetic_ungradable/synth_ungradable_00281_blur.jpg,5,0,train
synthetic_ungradable/synth_ungradable_00282_blur.jpg,5,0,train
synthetic_ungradable/synth_ungradable_00283_blur.jpg,5,0,train
synthetic_ungradable/synth_ungradable_00284_bright.jpg,5,0,train
synthetic_ungradable/synth_ungradable_00285_bright.jpg,5,0,train
synthetic_ungradable/synth_ungradable_00286_bright.jpg,5,0,train
synthetic_ungradable/synth_ungradable_00287_blur.jpg,5,0,train
synthetic_ungradable/synth_ungradable_00288_blur.jpg,5,0,train
synthetic_ungradable/synth_ungradable_00289_blur.jpg,5,0,train
synthetic_ungradable/synth_ungradable_00290_blur.jpg,5,0,train
synthetic_ungradable/synth_ungradable_00291_dark.jpg,5,0,train
synthetic_ungradable/synth_ungradable_00292_blur.jpg,5,0,train
synthetic_ungradable/synth_ungradable_00293_dark.jpg,5,0,train
synthetic_ungradable/synth_ungradable_00294_blur.jpg,5,0,train
synthetic_ungradable/synth_ungradable_00295_bright.jpg,5,0,train
synthetic_ungradable/synth_ungradable_00296_dark.jpg,5,0,train
synthetic_ungradable/synth_ungradable_00297_blur.jpg,5,0,train
synthetic_ungradable/synth_ungradable_00298_dark.jpg,5,0,train
synthetic_ungradable/synth_ungradable_00299_blur.jpg,5,0,train
synthetic_ungradable/synth_ungradable_00300_blur.jpg,5,0,train
synthetic_ungradable/synth_ungradable_00301_blur.jpg,5,0,train
synthetic_ungradable/synth_ungradable_00302_blur.jpg,5,0,train
synthetic_ungradable/synth_ungradable_00303_blur.jpg,5,0,train
synthetic_ungradable/synth_ungradable_00304_blur.jpg,5,0,train
synthetic_ungradable/synth_ungradable_00305_blur.jpg,5,0,train
synthetic_ungradable/synth_ungradable_00306_bright.jpg,5,0,train
synthetic_ungradable/synth_ungradable_00307_blur.jpg,5,0,train
synthetic_ungradable/synth_ungradable_00308_blur.jpg,5,0,train
synthetic_ungradable/synth_ungradable_00309_bright.jpg,5,0,train
synthetic_ungradable/synth_ungradable_00310_blur.jpg,5,0,train
synthetic_ungradable/synth_ungradable_00311_blur.jpg,5,0,train
synthetic_ungradable/synth_ungradable_00312_blur.jpg,5,0,train
synthetic_ungradable/synth_ungradable_00313_blur.jpg,5,0,train
synthetic_ungradable/synth_ungradable_00314_blur.jpg,5,0,train
synthetic_ungradable/synth_ungradable_00315_dark.jpg,5,0,train
synthetic_ungradable/synth_ungradable_00316_dark.jpg,5,0,train
synthetic_ungradable/synth_ungradable_00317_dark.jpg,5,0,train
synthetic_ungradable/synth_ungradable_00318_dark.jpg,5,0,train
synthetic_ungradable/synth_ungradable_00319_bright.jpg,5,0,train
synthetic_ungradable/synth_ungradable_00320_bright.jpg,5,0,train
synthetic_ungradable/synth_ungradable_00321_bright.jpg,5,0,train
synthetic_ungradable/synth_ungradable_00322_bright.jpg,5,0,train
synthetic_ungradable/synth_ungradable_00323_dark.jpg,5,0,train
synthetic_ungradable/synth_ungradable_00324_bright.jpg,5,0,train
synthetic_ungradable/synth_ungradable_00325_bright.jpg,5,0,train
synthetic_ungradable/synth_ungradable_00326_bright.jpg,5,0,train
synthetic_ungradable/synth_ungradable_00327_bright.jpg,5,0,train
synthetic_ungradable/synth_ungradable_00328_blur.jpg,5,0,train
synthetic_ungradable/synth_ungradable_00329_bright.jpg,5,0,train
synthetic_ungradable/synth_ungradable_00330_blur.jpg,5,0,train
synthetic_ungradable/synth_ungradable_00331_blur.jpg,5,0,train
synthetic_ungradable/synth_ungradable_00332_dark.jpg,5,0,train
synthetic_ungradable/synth_ungradable_00333_blur.jpg,5,0,train
synthetic_ungradable/synth_ungradable_00334_bright.jpg,5,0,train
synthetic_ungradable/synth_ungradable_00335_bright.jpg,5,0,train
synthetic_ungradable/synth_ungradable_00336_blur.jpg,5,0,train
synthetic_ungradable/synth_ungradable_00337_blur.jpg,5,0,train
synthetic_ungradable/synth_ungradable_00338_blur.jpg,5,0,train
synthetic_ungradable/synth_ungradable_00339_blur.jpg,5,0,train
synthetic_ungradable/synth_ungradable_00340_bright.jpg,5,0,train
synthetic_ungradable/synth_ungradable_00341_blur.jpg,5,0,train
synthetic_ungradable/synth_ungradable_00342_blur.jpg,5,0,train
synthetic_ungradable/synth_ungradable_00343_blur.jpg,5,0,train
synthetic_ungradable/synth_ungradable_00344_bright.jpg,5,0,train
synthetic_ungradable/synth_ungradable_00345_blur.jpg,5,0,train
synthetic_ungradable/synth_ungradable_00346_blur.jpg,5,0,train
synthetic_ungradable/synth_ungradable_00347_bright.jpg,5,0,train
synthetic_ungradable/synth_ungradable_00348_blur.jpg,5,0,train
synthetic_ungradable/synth_ungradable_00349_blur.jpg,5,0,train
synthetic_ungradable/synth_ungradable_00350_dark.jpg,5,0,train
synthetic_ungradable/synth_ungradable_00351_blur.jpg,5,0,train
synthetic_ungradable/synth_ungradable_00352_blur.jpg,5,0,train
synthetic_ungradable/synth_ungradable_00353_bright.jpg,5,0,train
synthetic_ungradable/synth_ungradable_00354_dark.jpg,5,0,train
synthetic_ungradable/synth_ungradable_00355_dark.jpg,5,0,train
synthetic_ungradable/synth_ungradable_00356_blur.jpg,5,0,train
synthetic_ungradable/synth_ungradable_00357_blur.jpg,5,0,train
synthetic_ungradable/synth_ungradable_00358_dark.jpg,5,0,train
synthetic_ungradable/synth_ungradable_00359_blur.jpg,5,0,train
synthetic_ungradable/synth_ungradable_00360_dark.jpg,5,0,train
synthetic_ungradable/synth_ungradable_00361_blur.jpg,5,0,train
synthetic_ungradable/synth_ungradable_00362_blur.jpg,5,0,train
synthetic_ungradable/synth_ungradable_00363_dark.jpg,5,0,train
synthetic_ungradable/synth_ungradable_00364_dark.jpg,5,0,train
synthetic_ungradable/synth_ungradable_00365_bright.jpg,5,0,train
synthetic_ungradable/synth_ungradable_00366_bright.jpg,5,0,train
synthetic_ungradable/synth_ungradable_00367_blur.jpg,5,0,train
synthetic_ungradable/synth_ungradable_00368_blur.jpg,5,0,train
synthetic_ungradable/synth_ungradable_00369_blur.jpg,5,0,train
synthetic_ungradable/synth_ungradable_00370_bright.jpg,5,0,train
synthetic_ungradable/synth_ungradable_00371_blur.jpg,5,0,train
synthetic_ungradable/synth_ungradable_00372_blur.jpg,5,0,train
synthetic_ungradable/synth_ungradable_00373_bright.jpg,5,0,train
synthetic_ungradable/synth_ungradable_00374_bright.jpg,5,0,train
synthetic_ungradable/synth_ungradable_00375_blur.jpg,5,0,train
synthetic_ungradable/synth_ungradable_00376_bright.jpg,5,0,train
synthetic_ungradable/synth_ungradable_00377_dark.jpg,5,0,train
synthetic_ungradable/synth_ungradable_00378_bright.jpg,5,0,train
synthetic_ungradable/synth_ungradable_00379_dark.jpg,5,0,train
synthetic_ungradable/synth_ungradable_00380_blur.jpg,5,0,train
synthetic_ungradable/synth_ungradable_00381_dark.jpg,5,0,train
synthetic_ungradable/synth_ungradable_00382_dark.jpg,5,0,train
synthetic_ungradable/synth_ungradable_00383_dark.jpg,5,0,train
synthetic_ungradable/synth_ungradable_00384_bright.jpg,5,0,train
synthetic_ungradable/synth_ungradable_00385_bright.jpg,5,0,train
synthetic_ungradable/synth_ungradable_00386_dark.jpg,5,0,train
synthetic_ungradable/synth_ungradable_00387_blur.jpg,5,0,train
synthetic_ungradable/synth_ungradable_00388_bright.jpg,5,0,train
synthetic_ungradable/synth_ungradable_00389_blur.jpg,5,0,train
synthetic_ungradable/synth_ungradable_00390_dark.jpg,5,0,train
synthetic_ungradable/synth_ungradable_00391_dark.jpg,5,0,train
synthetic_ungradable/synth_ungradable_00392_dark.jpg,5,0,train
synthetic_ungradable/synth_ungradable_00393_blur.jpg,5,0,train
synthetic_ungradable/synth_ungradable_00394_blur.jpg,5,0,train
synthetic_ungradable/synth_ungradable_00395_dark.jpg,5,0,train
synthetic_ungradable/synth_ungradable_00396_blur.jpg,5,0,train
synthetic_ungradable/synth_ungradable_00397_blur.jpg,5,0,train
synthetic_ungradable/synth_ungradable_00398_bright.jpg,5,0,train
synthetic_ungradable/synth_ungradable_00399_blur.jpg,5,0,train
synthetic_ungradable/synth_ungradable_00400_bright.jpg,5,0,train
synthetic_ungradable/synth_ungradable_00401_bright.jpg,5,0,train
synthetic_ungradable/synth_ungradable_00402_bright.jpg,5,0,train
synthetic_ungradable/synth_ungradable_00403_blur.jpg,5,0,train
synthetic_ungradable/synth_ungradable_00404_blur.jpg,5,0,train
synthetic_ungradable/synth_ungradable_00405_dark.jpg,5,0,train
synthetic_ungradable/synth_ungradable_00406_dark.jpg,5,0,train
synthetic_ungradable/synth_ungradable_00407_blur.jpg,5,0,train
synthetic_ungradable/synth_ungradable_00408_dark.jpg,5,0,train
synthetic_ungradable/synth_ungradable_00409_bright.jpg,5,0,train
synthetic_ungradable/synth_ungradable_00410_bright.jpg,5,0,train
synthetic_ungradable/synth_ungradable_00411_blur.jpg,5,0,train
synthetic_ungradable/synth_ungradable_00412_dark.jpg,5,0,train
synthetic_ungradable/synth_ungradable_00413_dark.jpg,5,0,train
synthetic_ungradable/synth_ungradable_00414_blur.jpg,5,0,train
synthetic_ungradable/synth_ungradable_00415_blur.jpg,5,0,train
synthetic_ungradable/synth_ungradable_00416_blur.jpg,5,0,train
synthetic_ungradable/synth_ungradable_00417_blur.jpg,5,0,train
synthetic_ungradable/synth_ungradable_00418_blur.jpg,5,0,train
synthetic_ungradable/synth_ungradable_00419_blur.jpg,5,0,train
synthetic_ungradable/synth_ungradable_00420_bright.jpg,5,0,train
synthetic_ungradable/synth_ungradable_00421_bright.jpg,5,0,train
synthetic_ungradable/synth_ungradable_00422_blur.jpg,5,0,train
synthetic_ungradable/synth_ungradable_00423_bright.jpg,5,0,train
synthetic_ungradable/synth_ungradable_00424_bright.jpg,5,0,train
synthetic_ungradable/synth_ungradable_00425_bright.jpg,5,0,train
synthetic_ungradable/synth_ungradable_00426_dark.jpg,5,0,train
synthetic_ungradable/synth_ungradable_00427_blur.jpg,5,0,train
synthetic_ungradable/synth_ungradable_00428_blur.jpg,5,0,train
synthetic_ungradable/synth_ungradable_00429_bright.jpg,5,0,train
synthetic_ungradable/synth_ungradable_00430_blur.jpg,5,0,train
synthetic_ungradable/synth_ungradable_00431_bright.jpg,5,0,train
synthetic_ungradable/synth_ungradable_00432_bright.jpg,5,0,train
synthetic_ungradable/synth_ungradable_00433_bright.jpg,5,0,train
synthetic_ungradable/synth_ungradable_00434_blur.jpg,5,0,train
synthetic_ungradable/synth_ungradable_00435_blur.jpg,5,0,train
synthetic_ungradable/synth_ungradable_00436_dark.jpg,5,0,train
synthetic_ungradable/synth_ungradable_00437_blur.jpg,5,0,train
synthetic_ungradable/synth_ungradable_00438_blur.jpg,5,0,train
synthetic_ungradable/synth_ungradable_00439_bright.jpg,5,0,train
synthetic_ungradable/synth_ungradable_00440_blur.jpg,5,0,train
synthetic_ungradable/synth_ungradable_00441_blur.jpg,5,0,train
synthetic_ungradable/synth_ungradable_00442_bright.jpg,5,0,train
synthetic_ungradable/synth_ungradable_00443_blur.jpg,5,0,train
synthetic_ungradable/synth_ungradable_00444_bright.jpg,5,0,train
synthetic_ungradable/synth_ungradable_00445_blur.jpg,5,0,train
synthetic_ungradable/synth_ungradable_00446_bright.jpg,5,0,train
synthetic_ungradable/synth_ungradable_00447_bright.jpg,5,0,train
synthetic_ungradable/synth_ungradable_00448_blur.jpg,5,0,train
synthetic_ungradable/synth_ungradable_00449_blur.jpg,5,0,train
synthetic_ungradable/synth_ungradable_00450_blur.jpg,5,0,train
synthetic_ungradable/synth_ungradable_00451_dark.jpg,5,0,train
synthetic_ungradable/synth_ungradable_00452_bright.jpg,5,0,train
synthetic_ungradable/synth_ungradable_00453_blur.jpg,5,0,train
synthetic_ungradable/synth_ungradable_00454_blur.jpg,5,0,train
synthetic_ungradable/synth_ungradable_00455_blur.jpg,5,0,train
synthetic_ungradable/synth_ungradable_00456_bright.jpg,5,0,train
synthetic_ungradable/synth_ungradable_00457_bright.jpg,5,0,train
synthetic_ungradable/synth_ungradable_00458_blur.jpg,5,0,train
synthetic_ungradable/synth_ungradable_00459_bright.jpg,5,0,train
synthetic_ungradable/synth_ungradable_00460_bright.jpg,5,0,train
synthetic_ungradable/synth_ungradable_00461_bright.jpg,5,0,train
synthetic_ungradable/synth_ungradable_00462_dark.jpg,5,0,train
synthetic_ungradable/synth_ungradable_00463_bright.jpg,5,0,train
synthetic_ungradable/synth_ungradable_00464_bright.jpg,5,0,train
synthetic_ungradable/synth_ungradable_00465_bright.jpg,5,0,train
synthetic_ungradable/synth_ungradable_00466_blur.jpg,5,0,train
synthetic_ungradable/synth_ungradable_00467_blur.jpg,5,0,train
synthetic_ungradable/synth_ungradable_00468_blur.jpg,5,0,train
synthetic_ungradable/synth_ungradable_00469_dark.jpg,5,0,train
synthetic_ungradable/synth_ungradable_00470_blur.jpg,5,0,train
synthetic_ungradable/synth_ungradable_00471_bright.jpg,5,0,train
synthetic_ungradable/synth_ungradable_00472_bright.jpg,5,0,train
synthetic_ungradable/synth_ungradable_00473_dark.jpg,5,0,train
synthetic_ungradable/synth_ungradable_00474_blur.jpg,5,0,train
synthetic_ungradable/synth_ungradable_00475_dark.jpg,5,0,train
synthetic_ungradable/synth_ungradable_00476_blur.jpg,5,0,train
synthetic_ungradable/synth_ungradable_00477_blur.jpg,5,0,train
synthetic_ungradable/synth_ungradable_00478_bright.jpg,5,0,train
synthetic_ungradable/synth_ungradable_00479_dark.jpg,5,0,train
synthetic_ungradable/synth_ungradable_00480_blur.jpg,5,0,train
synthetic_ungradable/synth_ungradable_00481_blur.jpg,5,0,train
synthetic_ungradable/synth_ungradable_00482_dark.jpg,5,0,train
synthetic_ungradable/synth_ungradable_00483_bright.jpg,5,0,train
synthetic_ungradable/synth_ungradable_00484_blur.jpg,5,0,train
synthetic_ungradable/synth_ungradable_00485_blur.jpg,5,0,train
synthetic_ungradable/synth_ungradable_00486_bright.jpg,5,0,train
synthetic_ungradable/synth_ungradable_00487_dark.jpg,5,0,train
synthetic_ungradable/synth_ungradable_00488_blur.jpg,5,0,train
synthetic_ungradable/synth_ungradable_00489_blur.jpg,5,0,train
synthetic_ungradable/synth_ungradable_00490_blur.jpg,5,0,train
synthetic_ungradable/synth_ungradable_00491_dark.jpg,5,0,train
synthetic_ungradable/synth_ungradable_00492_blur.jpg,5,0,train
synthetic_ungradable/synth_ungradable_00493_blur.jpg,5,0,train
synthetic_ungradable/synth_ungradable_00494_blur.jpg,5,0,train
synthetic_ungradable/synth_ungradable_00495_bright.jpg,5,0,train
synthetic_ungradable/synth_ungradable_00496_bright.jpg,5,0,train
synthetic_ungradable/synth_ungradable_00497_dark.jpg,5,0,train
synthetic_ungradable/synth_ungradable_00498_blur.jpg,5,0,train
synthetic_ungradable/synth_ungradable_00499_blur.jpg,5,0,train
synthetic_ungradable/synth_ungradable_00500_blur.jpg,5,0,train
synthetic_ungradable/synth_ungradable_00501_dark.jpg,5,0,train
synthetic_ungradable/synth_ungradable_00502_blur.jpg,5,0,train
synthetic_ungradable/synth_ungradable_00503_blur.jpg,5,0,train
synthetic_ungradable/synth_ungradable_00504_blur.jpg,5,0,train
synthetic_ungradable/synth_ungradable_00505_bright.jpg,5,0,train
synthetic_ungradable/synth_ungradable_00506_dark.jpg,5,0,train
synthetic_ungradable/synth_ungradable_00507_blur.jpg,5,0,train
synthetic_ungradable/synth_ungradable_00508_dark.jpg,5,0,train
synthetic_ungradable/synth_ungradable_00509_dark.jpg,5,0,train
synthetic_ungradable/synth_ungradable_00510_dark.jpg,5,0,train
synthetic_ungradable/synth_ungradable_00511_dark.jpg,5,0,train
synthetic_ungradable/synth_ungradable_00512_blur.jpg,5,0,train
synthetic_ungradable/synth_ungradable_00513_blur.jpg,5,0,train
synthetic_ungradable/synth_ungradable_00514_blur.jpg,5,0,train
synthetic_ungradable/synth_ungradable_00515_bright.jpg,5,0,train
synthetic_ungradable/synth_ungradable_00516_bright.jpg,5,0,train
synthetic_ungradable/synth_ungradable_00517_bright.jpg,5,0,train
synthetic_ungradable/synth_ungradable_00518_blur.jpg,5,0,train
synthetic_ungradable/synth_ungradable_00519_blur.jpg,5,0,train
synthetic_ungradable/synth_ungradable_00520_bright.jpg,5,0,train
synthetic_ungradable/synth_ungradable_00521_blur.jpg,5,0,train
synthetic_ungradable/synth_ungradable_00522_dark.jpg,5,0,train
synthetic_ungradable/synth_ungradable_00523_bright.jpg,5,0,train
synthetic_ungradable/synth_ungradable_00524_dark.jpg,5,0,train
synthetic_ungradable/synth_ungradable_00525_blur.jpg,5,0,train
synthetic_ungradable/synth_ungradable_00526_dark.jpg,5,0,train
synthetic_ungradable/synth_ungradable_00527_dark.jpg,5,0,train
synthetic_ungradable/synth_ungradable_00528_blur.jpg,5,0,train
synthetic_ungradable/synth_ungradable_00529_bright.jpg,5,0,train
synthetic_ungradable/synth_ungradable_00530_blur.jpg,5,0,train
synthetic_ungradable/synth_ungradable_00531_blur.jpg,5,0,train
synthetic_ungradable/synth_ungradable_00532_bright.jpg,5,0,train
synthetic_ungradable/synth_ungradable_00533_blur.jpg,5,0,train
synthetic_ungradable/synth_ungradable_00534_blur.jpg,5,0,train
synthetic_ungradable/synth_ungradable_00535_blur.jpg,5,0,train
synthetic_ungradable/synth_ungradable_00536_dark.jpg,5,0,train
synthetic_ungradable/synth_ungradable_00537_dark.jpg,5,0,train
synthetic_ungradable/synth_ungradable_00538_blur.jpg,5,0,train
synthetic_ungradable/synth_ungradable_00539_blur.jpg,5,0,train
synthetic_ungradable/synth_ungradable_00540_blur.jpg,5,0,train
synthetic_ungradable/synth_ungradable_00541_blur.jpg,5,0,train
synthetic_ungradable/synth_ungradable_00542_bright.jpg,5,0,train
synthetic_ungradable/synth_ungradable_00543_dark.jpg,5,0,train
synthetic_ungradable/synth_ungradable_00544_blur.jpg,5,0,train
synthetic_ungradable/synth_ungradable_00545_bright.jpg,5,0,train
synthetic_ungradable/synth_ungradable_00546_blur.jpg,5,0,train
synthetic_ungradable/synth_ungradable_00547_bright.jpg,5,0,train
synthetic_ungradable/synth_ungradable_00548_blur.jpg,5,0,train
synthetic_ungradable/synth_ungradable_00549_bright.jpg,5,0,train
synthetic_ungradable/synth_ungradable_00550_bright.jpg,5,0,train
synthetic_ungradable/synth_ungradable_00551_dark.jpg,5,0,train
synthetic_ungradable/synth_ungradable_00552_blur.jpg,5,0,train
synthetic_ungradable/synth_ungradable_00553_bright.jpg,5,0,train
synthetic_ungradable/synth_ungradable_00554_bright.jpg,5,0,train
synthetic_ungradable/synth_ungradable_00555_bright.jpg,5,0,train
synthetic_ungradable/synth_ungradable_00556_blur.jpg,5,0,train
synthetic_ungradable/synth_ungradable_00557_bright.jpg,5,0,train
synthetic_ungradable/synth_ungradable_00558_blur.jpg,5,0,train
synthetic_ungradable/synth_ungradable_00559_dark.jpg,5,0,train
synthetic_ungradable/synth_ungradable_00560_blur.jpg,5,0,train
synthetic_ungradable/synth_ungradable_00561_dark.jpg,5,0,train
synthetic_ungradable/synth_ungradable_00562_bright.jpg,5,0,train
synthetic_ungradable/synth_ungradable_00563_dark.jpg,5,0,train
synthetic_ungradable/synth_ungradable_00564_blur.jpg,5,0,train
synthetic_ungradable/synth_ungradable_00565_dark.jpg,5,0,train
synthetic_ungradable/synth_ungradable_00566_blur.jpg,5,0,train
synthetic_ungradable/synth_ungradable_00567_dark.jpg,5,0,train
synthetic_ungradable/synth_ungradable_00568_dark.jpg,5,0,train
synthetic_ungradable/synth_ungradable_00569_bright.jpg,5,0,train
synthetic_ungradable/synth_ungradable_00570_dark.jpg,5,0,train
synthetic_ungradable/synth_ungradable_00571_blur.jpg,5,0,train
synthetic_ungradable/synth_ungradable_00572_dark.jpg,5,0,train
synthetic_ungradable/synth_ungradable_00573_dark.jpg,5,0,train
synthetic_ungradable/synth_ungradable_00574_blur.jpg,5,0,train
synthetic_ungradable/synth_ungradable_00575_blur.jpg,5,0,train
synthetic_ungradable/synth_ungradable_00576_blur.jpg,5,0,train
synthetic_ungradable/synth_ungradable_00577_blur.jpg,5,0,train
synthetic_ungradable/synth_ungradable_00578_bright.jpg,5,0,train
synthetic_ungradable/synth_ungradable_00579_dark.jpg,5,0,train
synthetic_ungradable/synth_ungradable_00580_blur.jpg,5,0,train
synthetic_ungradable/synth_ungradable_00581_blur.jpg,5,0,train
synthetic_ungradable/synth_ungradable_00582_blur.jpg,5,0,train
synthetic_ungradable/synth_ungradable_00583_bright.jpg,5,0,train
synthetic_ungradable/synth_ungradable_00584_blur.jpg,5,0,train
synthetic_ungradable/synth_ungradable_00585_dark.jpg,5,0,train
synthetic_ungradable/synth_ungradable_00586_dark.jpg,5,0,train
synthetic_ungradable/synth_ungradable_00587_bright.jpg,5,0,train
synthetic_ungradable/synth_ungradable_00588_bright.jpg,5,0,train
synthetic_ungradable/synth_ungradable_00589_blur.jpg,5,0,train
synthetic_ungradable/synth_ungradable_00590_blur.jpg,5,0,train
synthetic_ungradable/synth_ungradable_00591_dark.jpg,5,0,train
synthetic_ungradable/synth_ungradable_00592_bright.jpg,5,0,train
synthetic_ungradable/synth_ungradable_00593_dark.jpg,5,0,train
synthetic_ungradable/synth_ungradable_00594_blur.jpg,5,0,train
synthetic_ungradable/synth_ungradable_00595_bright.jpg,5,0,train
synthetic_ungradable/synth_ungradable_00596_blur.jpg,5,0,train
synthetic_ungradable/synth_ungradable_00597_dark.jpg,5,0,train
synthetic_ungradable/synth_ungradable_00598_blur.jpg,5,0,train
synthetic_ungradable/synth_ungradable_00599_dark.jpg,5,0,train
synthetic_ungradable/synth_ungradable_00600_bright.jpg,5,0,train
synthetic_ungradable/synth_ungradable_00601_blur.jpg,5,0,train
synthetic_ungradable/synth_ungradable_00602_blur.jpg,5,0,train
synthetic_ungradable/synth_ungradable_00603_blur.jpg,5,0,train
synthetic_ungradable/synth_ungradable_00604_dark.jpg,5,0,train
synthetic_ungradable/synth_ungradable_00605_blur.jpg,5,0,train
synthetic_ungradable/synth_ungradable_00606_bright.jpg,5,0,train
synthetic_ungradable/synth_ungradable_00607_blur.jpg,5,0,train
synthetic_ungradable/synth_ungradable_00608_blur.jpg,5,0,train
synthetic_ungradable/synth_ungradable_00609_blur.jpg,5,0,train
synthetic_ungradable/synth_ungradable_00610_blur.jpg,5,0,train
synthetic_ungradable/synth_ungradable_00611_dark.jpg,5,0,train
synthetic_ungradable/synth_ungradable_00612_dark.jpg,5,0,train
synthetic_ungradable/synth_ungradable_00613_blur.jpg,5,0,train
synthetic_ungradable/synth_ungradable_00614_dark.jpg,5,0,train
synthetic_ungradable/synth_ungradable_00615_bright.jpg,5,0,train
synthetic_ungradable/synth_ungradable_00616_bright.jpg,5,0,train
synthetic_ungradable/synth_ungradable_00617_blur.jpg,5,0,train
synthetic_ungradable/synth_ungradable_00618_bright.jpg,5,0,train
synthetic_ungradable/synth_ungradable_00619_blur.jpg,5,0,train
synthetic_ungradable/synth_ungradable_00620_blur.jpg,5,0,train
synthetic_ungradable/synth_ungradable_00621_bright.jpg,5,0,train
synthetic_ungradable/synth_ungradable_00622_bright.jpg,5,0,train
synthetic_ungradable/synth_ungradable_00623_dark.jpg,5,0,train
synthetic_ungradable/synth_ungradable_00624_blur.jpg,5,0,train
synthetic_ungradable/synth_ungradable_00625_blur.jpg,5,0,train
synthetic_ungradable/synth_ungradable_00626_bright.jpg,5,0,train
synthetic_ungradable/synth_ungradable_00627_dark.jpg,5,0,train
synthetic_ungradable/synth_ungradable_00628_blur.jpg,5,0,train
synthetic_ungradable/synth_ungradable_00629_bright.jpg,5,0,train
synthetic_ungradable/synth_ungradable_00630_blur.jpg,5,0,train
synthetic_ungradable/synth_ungradable_00631_blur.jpg,5,0,train
synthetic_ungradable/synth_ungradable_00632_dark.jpg,5,0,train
synthetic_ungradable/synth_ungradable_00633_blur.jpg,5,0,train
synthetic_ungradable/synth_ungradable_00634_blur.jpg,5,0,train
synthetic_ungradable/synth_ungradable_00635_blur.jpg,5,0,train
synthetic_ungradable/synth_ungradable_00636_blur.jpg,5,0,train
synthetic_ungradable/synth_ungradable_00637_blur.jpg,5,0,train
synthetic_ungradable/synth_ungradable_00638_dark.jpg,5,0,train
synthetic_ungradable/synth_ungradable_00639_dark.jpg,5,0,train
synthetic_ungradable/synth_ungradable_00640_blur.jpg,5,0,train
synthetic_ungradable/synth_ungradable_00641_dark.jpg,5,0,train
synthetic_ungradable/synth_ungradable_00642_blur.jpg,5,0,train
synthetic_ungradable/synth_ungradable_00643_blur.jpg,5,0,train
synthetic_ungradable/synth_ungradable_00644_blur.jpg,5,0,train
synthetic_ungradable/synth_ungradable_00645_blur.jpg,5,0,train
synthetic_ungradable/synth_ungradable_00646_blur.jpg,5,0,train
synthetic_ungradable/synth_ungradable_00647_blur.jpg,5,0,train
synthetic_ungradable/synth_ungradable_00648_bright.jpg,5,0,train
synthetic_ungradable/synth_ungradable_00649_dark.jpg,5,0,train
synthetic_ungradable/synth_ungradable_00650_blur.jpg,5,0,train
synthetic_ungradable/synth_ungradable_00651_blur.jpg,5,0,train
synthetic_ungradable/synth_ungradable_00652_bright.jpg,5,0,train
synthetic_ungradable/synth_ungradable_00653_dark.jpg,5,0,train
synthetic_ungradable/synth_ungradable_00654_bright.jpg,5,0,train
synthetic_ungradable/synth_ungradable_00655_blur.jpg,5,0,train
synthetic_ungradable/synth_ungradable_00656_dark.jpg,5,0,train
synthetic_ungradable/synth_ungradable_00657_blur.jpg,5,0,train
synthetic_ungradable/synth_ungradable_00658_dark.jpg,5,0,train
synthetic_ungradable/synth_ungradable_00659_blur.jpg,5,0,train
synthetic_ungradable/synth_ungradable_00660_blur.jpg,5,0,train
synthetic_ungradable/synth_ungradable_00661_dark.jpg,5,0,train
synthetic_ungradable/synth_ungradable_00662_blur.jpg,5,0,train
synthetic_ungradable/synth_ungradable_00663_dark.jpg,5,0,train
synthetic_ungradable/synth_ungradable_00664_blur.jpg,5,0,train
synthetic_ungradable/synth_ungradable_00665_bright.jpg,5,0,train
synthetic_ungradable/synth_ungradable_00666_blur.jpg,5,0,train
synthetic_ungradable/synth_ungradable_00667_dark.jpg,5,0,train
synthetic_ungradable/synth_ungradable_00668_dark.jpg,5,0,train
synthetic_ungradable/synth_ungradable_00669_blur.jpg,5,0,train
synthetic_ungradable/synth_ungradable_00670_blur.jpg,5,0,train
synthetic_ungradable/synth_ungradable_00671_bright.jpg,5,0,train
synthetic_ungradable/synth_ungradable_00672_blur.jpg,5,0,train
synthetic_ungradable/synth_ungradable_00673_bright.jpg,5,0,train
synthetic_ungradable/synth_ungradable_00674_blur.jpg,5,0,train
synthetic_ungradable/synth_ungradable_00675_bright.jpg,5,0,train
synthetic_ungradable/synth_ungradable_00676_bright.jpg,5,0,train
synthetic_ungradable/synth_ungradable_00677_blur.jpg,5,0,train
synthetic_ungradable/synth_ungradable_00678_blur.jpg,5,0,train
synthetic_ungradable/synth_ungradable_00679_blur.jpg,5,0,train
synthetic_ungradable/synth_ungradable_00680_blur.jpg,5,0,train
synthetic_ungradable/synth_ungradable_00681_dark.jpg,5,0,train
synthetic_ungradable/synth_ungradable_00682_bright.jpg,5,0,train
synthetic_ungradable/synth_ungradable_00683_dark.jpg,5,0,train
synthetic_ungradable/synth_ungradable_00684_blur.jpg,5,0,train
synthetic_ungradable/synth_ungradable_00685_blur.jpg,5,0,train
synthetic_ungradable/synth_ungradable_00686_bright.jpg,5,0,train
synthetic_ungradable/synth_ungradable_00687_bright.jpg,5,0,train
synthetic_ungradable/synth_ungradable_00688_bright.jpg,5,0,train
synthetic_ungradable/synth_ungradable_00689_blur.jpg,5,0,train
synthetic_ungradable/synth_ungradable_00690_dark.jpg,5,0,train
synthetic_ungradable/synth_ungradable_00691_blur.jpg,5,0,train
synthetic_ungradable/synth_ungradable_00692_bright.jpg,5,0,train
synthetic_ungradable/synth_ungradable_00693_bright.jpg,5,0,train
synthetic_ungradable/synth_ungradable_00694_dark.jpg,5,0,train
synthetic_ungradable/synth_ungradable_00695_bright.jpg,5,0,train
synthetic_ungradable/synth_ungradable_00696_blur.jpg,5,0,train
synthetic_ungradable/synth_ungradable_00697_blur.jpg,5,0,train
synthetic_ungradable/synth_ungradable_00698_dark.jpg,5,0,train
synthetic_ungradable/synth_ungradable_00699_blur.jpg,5,0,train
synthetic_ungradable/synth_ungradable_00700_dark.jpg,5,0,train
synthetic_ungradable/synth_ungradable_00701_bright.jpg,5,0,train
synthetic_ungradable/synth_ungradable_00702_blur.jpg,5,0,train
synthetic_ungradable/synth_ungradable_00703_dark.jpg,5,0,train
synthetic_ungradable/synth_ungradable_00704_blur.jpg,5,0,train
synthetic_ungradable/synth_ungradable_00705_blur.jpg,5,0,train
synthetic_ungradable/synth_ungradable_00706_dark.jpg,5,0,train
synthetic_ungradable/synth_ungradable_00707_blur.jpg,5,0,train
synthetic_ungradable/synth_ungradable_00708_bright.jpg,5,0,train
synthetic_ungradable/synth_ungradable_00709_blur.jpg,5,0,train
synthetic_ungradable/synth_ungradable_00710_blur.jpg,5,0,train
synthetic_ungradable/synth_ungradable_00711_dark.jpg,5,0,train
synthetic_ungradable/synth_ungradable_00712_dark.jpg,5,0,train
synthetic_ungradable/synth_ungradable_00713_blur.jpg,5,0,train
synthetic_ungradable/synth_ungradable_00714_dark.jpg,5,0,train
synthetic_ungradable/synth_ungradable_00715_dark.jpg,5,0,train
synthetic_ungradable/synth_ungradable_00716_blur.jpg,5,0,train
synthetic_ungradable/synth_ungradable_00717_blur.jpg,5,0,train
synthetic_ungradable/synth_ungradable_00718_blur.jpg,5,0,train
synthetic_ungradable/synth_ungradable_00719_dark.jpg,5,0,train
synthetic_ungradable/synth_ungradable_00720_dark.jpg,5,0,train
synthetic_ungradable/synth_ungradable_00721_dark.jpg,5,0,train
synthetic_ungradable/synth_ungradable_00722_dark.jpg,5,0,train
synthetic_ungradable/synth_ungradable_00723_blur.jpg,5,0,train
synthetic_ungradable/synth_ungradable_00724_bright.jpg,5,0,train
synthetic_ungradable/synth_ungradable_00725_dark.jpg,5,0,train
synthetic_ungradable/synth_ungradable_00726_blur.jpg,5,0,train
synthetic_ungradable/synth_ungradable_00727_bright.jpg,5,0,train
synthetic_ungradable/synth_ungradable_00728_bright.jpg,5,0,train
synthetic_ungradable/synth_ungradable_00729_dark.jpg,5,0,train
synthetic_ungradable/synth_ungradable_00730_bright.jpg,5,0,train
synthetic_ungradable/synth_ungradable_00731_dark.jpg,5,0,train
synthetic_ungradable/synth_ungradable_00732_blur.jpg,5,0,train
synthetic_ungradable/synth_ungradable_00733_blur.jpg,5,0,train
synthetic_ungradable/synth_ungradable_00734_blur.jpg,5,0,train
synthetic_ungradable/synth_ungradable_00735_blur.jpg,5,0,train
synthetic_ungradable/synth_ungradable_00736_blur.jpg,5,0,train
synthetic_ungradable/synth_ungradable_00737_dark.jpg,5,0,train
synthetic_ungradable/synth_ungradable_00738_bright.jpg,5,0,train
synthetic_ungradable/synth_ungradable_00739_dark.jpg,5,0,train
synthetic_ungradable/synth_ungradable_00740_bright.jpg,5,0,train
synthetic_ungradable/synth_ungradable_00741_blur.jpg,5,0,train
synthetic_ungradable/synth_ungradable_00742_blur.jpg,5,0,train
synthetic_ungradable/synth_ungradable_00743_blur.jpg,5,0,train
synthetic_ungradable/synth_ungradable_00744_dark.jpg,5,0,train
synthetic_ungradable/synth_ungradable_00745_bright.jpg,5,0,train
synthetic_ungradable/synth_ungradable_00746_dark.jpg,5,0,train
synthetic_ungradable/synth_ungradable_00747_bright.jpg,5,0,train
synthetic_ungradable/synth_ungradable_00748_blur.jpg,5,0,train
synthetic_ungradable/synth_ungradable_00749_blur.jpg,5,0,train
synthetic_ungradable/synth_ungradable_00750_blur.jpg,5,0,train
synthetic_ungradable/synth_ungradable_00751_bright.jpg,5,0,train
synthetic_ungradable/synth_ungradable_00752_blur.jpg,5,0,train
synthetic_ungradable/synth_ungradable_00753_blur.jpg,5,0,train
synthetic_ungradable/synth_ungradable_00754_blur.jpg,5,0,train
synthetic_ungradable/synth_ungradable_00755_dark.jpg,5,0,train
synthetic_ungradable/synth_ungradable_00756_bright.jpg,5,0,train
synthetic_ungradable/synth_ungradable_00757_blur.jpg,5,0,train
synthetic_ungradable/synth_ungradable_00758_dark.jpg,5,0,train
synthetic_ungradable/synth_ungradable_00759_dark.jpg,5,0,train
synthetic_ungradable/synth_ungradable_00760_dark.jpg,5,0,train
synthetic_ungradable/synth_ungradable_00761_blur.jpg,5,0,train
synthetic_ungradable/synth_ungradable_00762_blur.jpg,5,0,train
synthetic_ungradable/synth_ungradable_00763_bright.jpg,5,0,train
synthetic_ungradable/synth_ungradable_00764_blur.jpg,5,0,train
synthetic_ungradable/synth_ungradable_00765_bright.jpg,5,0,train
synthetic_ungradable/synth_ungradable_00766_blur.jpg,5,0,train
synthetic_ungradable/synth_ungradable_00767_blur.jpg,5,0,train
synthetic_ungradable/synth_ungradable_00768_bright.jpg,5,0,train
synthetic_ungradable/synth_ungradable_00769_bright.jpg,5,0,train
synthetic_ungradable/synth_ungradable_00770_blur.jpg,5,0,train
synthetic_ungradable/synth_ungradable_00771_blur.jpg,5,0,train
synthetic_ungradable/synth_ungradable_00772_blur.jpg,5,0,train
synthetic_ungradable/synth_ungradable_00773_blur.jpg,5,0,train
synthetic_ungradable/synth_ungradable_00774_bright.jpg,5,0,train
synthetic_ungradable/synth_ungradable_00775_bright.jpg,5,0,train
synthetic_ungradable/synth_ungradable_00776_blur.jpg,5,0,train
synthetic_ungradable/synth_ungradable_00777_bright.jpg,5,0,train
synthetic_ungradable/synth_ungradable_00778_bright.jpg,5,0,train
synthetic_ungradable/synth_ungradable_00779_blur.jpg,5,0,train
synthetic_ungradable/synth_ungradable_00780_dark.jpg,5,0,train
synthetic_ungradable/synth_ungradable_00781_bright.jpg,5,0,train
synthetic_ungradable/synth_ungradable_00782_bright.jpg,5,0,train
synthetic_ungradable/synth_ungradable_00783_dark.jpg,5,0,train
synthetic_ungradable/synth_ungradable_00784_bright.jpg,5,0,train
synthetic_ungradable/synth_ungradable_00785_blur.jpg,5,0,train
synthetic_ungradable/synth_ungradable_00786_blur.jpg,5,0,train
synthetic_ungradable/synth_ungradable_00787_bright.jpg,5,0,train
synthetic_ungradable/synth_ungradable_00788_dark.jpg,5,0,train
synthetic_ungradable/synth_ungradable_00789_dark.jpg,5,0,train
synthetic_ungradable/synth_ungradable_00790_blur.jpg,5,0,train
synthetic_ungradable/synth_ungradable_00791_blur.jpg,5,0,train
synthetic_ungradable/synth_ungradable_00792_dark.jpg,5,0,train
synthetic_ungradable/synth_ungradable_00793_blur.jpg,5,0,train
synthetic_ungradable/synth_ungradable_00794_bright.jpg,5,0,train
synthetic_ungradable/synth_ungradable_00795_blur.jpg,5,0,train
synthetic_ungradable/synth_ungradable_00796_dark.jpg,5,0,train
synthetic_ungradable/synth_ungradable_00797_blur.jpg,5,0,train
synthetic_ungradable/synth_ungradable_00798_blur.jpg,5,0,train
synthetic_ungradable/synth_ungradable_00799_bright.jpg,5,0,train
synthetic_ungradable/synth_ungradable_00800_dark.jpg,5,0,train
synthetic_ungradable/synth_ungradable_00801_blur.jpg,5,0,train
synthetic_ungradable/synth_ungradable_00802_blur.jpg,5,0,train
synthetic_ungradable/synth_ungradable_00803_blur.jpg,5,0,train
synthetic_ungradable/synth_ungradable_00804_blur.jpg,5,0,train
synthetic_ungradable/synth_ungradable_00805_blur.jpg,5,0,train
synthetic_ungradable/synth_ungradable_00806_blur.jpg,5,0,train
synthetic_ungradable/synth_ungradable_00807_dark.jpg,5,0,train
synthetic_ungradable/synth_ungradable_00808_bright.jpg,5,0,train
synthetic_ungradable/synth_ungradable_00809_bright.jpg,5,0,train
synthetic_ungradable/synth_ungradable_00810_bright.jpg,5,0,train
synthetic_ungradable/synth_ungradable_00811_bright.jpg,5,0,train
synthetic_ungradable/synth_ungradable_00812_blur.jpg,5,0,train
synthetic_ungradable/synth_ungradable_00813_bright.jpg,5,0,train
synthetic_ungradable/synth_ungradable_00814_blur.jpg,5,0,train
synthetic_ungradable/synth_ungradable_00815_dark.jpg,5,0,train
synthetic_ungradable/synth_ungradable_00816_blur.jpg,5,0,train
synthetic_ungradable/synth_ungradable_00817_blur.jpg,5,0,train
synthetic_ungradable/synth_ungradable_00818_dark.jpg,5,0,train
synthetic_ungradable/synth_ungradable_00819_blur.jpg,5,0,train
synthetic_ungradable/synth_ungradable_00820_blur.jpg,5,0,train
synthetic_ungradable/synth_ungradable_00821_dark.jpg,5,0,train
synthetic_ungradable/synth_ungradable_00822_dark.jpg,5,0,train
synthetic_ungradable/synth_ungradable_00823_blur.jpg,5,0,train
synthetic_ungradable/synth_ungradable_00824_dark.jpg,5,0,train
synthetic_ungradable/synth_ungradable_00825_blur.jpg,5,0,train
synthetic_ungradable/synth_ungradable_00826_bright.jpg,5,0,train
synthetic_ungradable/synth_ungradable_00827_bright.jpg,5,0,train
synthetic_ungradable/synth_ungradable_00828_dark.jpg,5,0,train
synthetic_ungradable/synth_ungradable_00829_blur.jpg,5,0,train
synthetic_ungradable/synth_ungradable_00830_blur.jpg,5,0,train
synthetic_ungradable/synth_ungradable_00831_dark.jpg,5,0,train
synthetic_ungradable/synth_ungradable_00832_bright.jpg,5,0,train
synthetic_ungradable/synth_ungradable_00833_dark.jpg,5,0,train
synthetic_ungradable/synth_ungradable_00834_blur.jpg,5,0,train
synthetic_ungradable/synth_ungradable_00835_blur.jpg,5,0,train
synthetic_ungradable/synth_ungradable_00836_dark.jpg,5,0,train
synthetic_ungradable/synth_ungradable_00837_bright.jpg,5,0,train
synthetic_ungradable/synth_ungradable_00838_dark.jpg,5,0,train
synthetic_ungradable/synth_ungradable_00839_blur.jpg,5,0,train
synthetic_ungradable/synth_ungradable_00840_bright.jpg,5,0,train
synthetic_ungradable/synth_ungradable_00841_blur.jpg,5,0,train
synthetic_ungradable/synth_ungradable_00842_blur.jpg,5,0,train
synthetic_ungradable/synth_ungradable_00843_dark.jpg,5,0,train
synthetic_ungradable/synth_ungradable_00844_blur.jpg,5,0,train
synthetic_ungradable/synth_ungradable_00845_dark.jpg,5,0,train
synthetic_ungradable/synth_ungradable_00846_blur.jpg,5,0,train
synthetic_ungradable/synth_ungradable_00847_dark.jpg,5,0,train
synthetic_ungradable/synth_ungradable_00848_bright.jpg,5,0,train
synthetic_ungradable/synth_ungradable_00849_blur.jpg,5,0,train
synthetic_ungradable/synth_ungradable_00850_blur.jpg,5,0,train
synthetic_ungradable/synth_ungradable_00851_bright.jpg,5,0,train
synthetic_ungradable/synth_ungradable_00852_dark.jpg,5,0,train
synthetic_ungradable/synth_ungradable_00853_bright.jpg,5,0,train
synthetic_ungradable/synth_ungradable_00854_blur.jpg,5,0,train
synthetic_ungradable/synth_ungradable_00855_bright.jpg,5,0,train
synthetic_ungradable/synth_ungradable_00856_blur.jpg,5,0,train
synthetic_ungradable/synth_ungradable_00857_bright.jpg,5,0,train
synthetic_ungradable/synth_ungradable_00858_blur.jpg,5,0,train
synthetic_ungradable/synth_ungradable_00859_blur.jpg,5,0,train
synthetic_ungradable/synth_ungradable_00860_blur.jpg,5,0,train
synthetic_ungradable/synth_ungradable_00861_blur.jpg,5,0,train
synthetic_ungradable/synth_ungradable_00862_dark.jpg,5,0,train
synthetic_ungradable/synth_ungradable_00863_blur.jpg,5,0,train
synthetic_ungradable/synth_ungradable_00864_dark.jpg,5,0,train
synthetic_ungradable/synth_ungradable_00865_blur.jpg,5,0,train
synthetic_ungradable/synth_ungradable_00866_blur.jpg,5,0,train
synthetic_ungradable/synth_ungradable_00867_blur.jpg,5,0,train
synthetic_ungradable/synth_ungradable_00868_dark.jpg,5,0,train
synthetic_ungradable/synth_ungradable_00869_blur.jpg,5,0,train
synthetic_ungradable/synth_ungradable_00870_blur.jpg,5,0,train
synthetic_ungradable/synth_ungradable_00871_blur.jpg,5,0,train
synthetic_ungradable/synth_ungradable_00872_blur.jpg,5,0,train
synthetic_ungradable/synth_ungradable_00873_bright.jpg,5,0,train
synthetic_ungradable/synth_ungradable_00874_dark.jpg,5,0,train
synthetic_ungradable/synth_ungradable_00875_blur.jpg,5,0,train
synthetic_ungradable/synth_ungradable_00876_blur.jpg,5,0,train
synthetic_ungradable/synth_ungradable_00877_dark.jpg,5,0,train
synthetic_ungradable/synth_ungradable_00878_bright.jpg,5,0,train
synthetic_ungradable/synth_ungradable_00879_dark.jpg,5,0,train
synthetic_ungradable/synth_ungradable_00880_bright.jpg,5,0,train
synthetic_ungradable/synth_ungradable_00881_blur.jpg,5,0,train
synthetic_ungradable/synth_ungradable_00882_blur.jpg,5,0,train
synthetic_ungradable/synth_ungradable_00883_dark.jpg,5,0,train
synthetic_ungradable/synth_ungradable_00884_blur.jpg,5,0,train
synthetic_ungradable/synth_ungradable_00885_blur.jpg,5,0,train
synthetic_ungradable/synth_ungradable_00886_blur.jpg,5,0,train
synthetic_ungradable/synth_ungradable_00887_dark.jpg,5,0,train
synthetic_ungradable/synth_ungradable_00888_bright.jpg,5,0,train
synthetic_ungradable/synth_ungradable_00889_blur.jpg,5,0,train
synthetic_ungradable/synth_ungradable_00890_bright.jpg,5,0,train
synthetic_ungradable/synth_ungradable_00891_bright.jpg,5,0,train
synthetic_ungradable/synth_ungradable_00892_blur.jpg,5,0,train
synthetic_ungradable/synth_ungradable_00893_blur.jpg,5,0,train
synthetic_ungradable/synth_ungradable_00894_dark.jpg,5,0,train
synthetic_ungradable/synth_ungradable_00895_blur.jpg,5,0,train
synthetic_ungradable/synth_ungradable_00896_bright.jpg,5,0,train
synthetic_ungradable/synth_ungradable_00897_bright.jpg,5,0,train
synthetic_ungradable/synth_ungradable_00898_blur.jpg,5,0,train
synthetic_ungradable/synth_ungradable_00899_bright.jpg,5,0,train
synthetic_ungradable/synth_ungradable_00900_blur.jpg,5,0,train
synthetic_ungradable/synth_ungradable_00901_dark.jpg,5,0,train
synthetic_ungradable/synth_ungradable_00902_bright.jpg,5,0,train
synthetic_ungradable/synth_ungradable_00903_bright.jpg,5,0,train
synthetic_ungradable/synth_ungradable_00904_dark.jpg,5,0,train
synthetic_ungradable/synth_ungradable_00905_bright.jpg,5,0,train
synthetic_ungradable/synth_ungradable_00906_blur.jpg,5,0,train
synthetic_ungradable/synth_ungradable_00907_bright.jpg,5,0,train
synthetic_ungradable/synth_ungradable_00908_dark.jpg,5,0,train
synthetic_ungradable/synth_ungradable_00909_blur.jpg,5,0,train
synthetic_ungradable/synth_ungradable_00910_dark.jpg,5,0,train
synthetic_ungradable/synth_ungradable_00911_blur.jpg,5,0,train
synthetic_ungradable/synth_ungradable_00912_blur.jpg,5,0,train
synthetic_ungradable/synth_ungradable_00913_blur.jpg,5,0,train
synthetic_ungradable/synth_ungradable_00914_bright.jpg,5,0,train
synthetic_ungradable/synth_ungradable_00915_dark.jpg,5,0,train
synthetic_ungradable/synth_ungradable_00916_blur.jpg,5,0,train
synthetic_ungradable/synth_ungradable_00917_dark.jpg,5,0,train
synthetic_ungradable/synth_ungradable_00918_blur.jpg,5,0,train
synthetic_ungradable/synth_ungradable_00919_blur.jpg,5,0,train
synthetic_ungradable/synth_ungradable_00920_blur.jpg,5,0,train
synthetic_ungradable/synth_ungradable_00921_dark.jpg,5,0,train
synthetic_ungradable/synth_ungradable_00922_bright.jpg,5,0,train
synthetic_ungradable/synth_ungradable_00923_blur.jpg,5,0,train
synthetic_ungradable/synth_ungradable_00924_dark.jpg,5,0,train
synthetic_ungradable/synth_ungradable_00925_bright.jpg,5,0,train
synthetic_ungradable/synth_ungradable_00926_dark.jpg,5,0,train
synthetic_ungradable/synth_ungradable_00927_dark.jpg,5,0,train
synthetic_ungradable/synth_ungradable_00928_dark.jpg,5,0,train
synthetic_ungradable/synth_ungradable_00929_blur.jpg,5,0,train
synthetic_ungradable/synth_ungradable_00930_blur.jpg,5,0,train
synthetic_ungradable/synth_ungradable_00931_blur.jpg,5,0,train
synthetic_ungradable/synth_ungradable_00932_blur.jpg,5,0,train
synthetic_ungradable/synth_ungradable_00933_blur.jpg,5,0,train
synthetic_ungradable/synth_ungradable_00934_dark.jpg,5,0,train
synthetic_ungradable/synth_ungradable_00935_dark.jpg,5,0,train
synthetic_ungradable/synth_ungradable_00936_bright.jpg,5,0,train
synthetic_ungradable/synth_ungradable_00937_dark.jpg,5,0,train
synthetic_ungradable/synth_ungradable_00938_blur.jpg,5,0,train
synthetic_ungradable/synth_ungradable_00939_dark.jpg,5,0,train
synthetic_ungradable/synth_ungradable_00940_blur.jpg,5,0,train
synthetic_ungradable/synth_ungradable_00941_blur.jpg,5,0,train
synthetic_ungradable/synth_ungradable_00942_blur.jpg,5,0,train
synthetic_ungradable/synth_ungradable_00943_bright.jpg,5,0,train
synthetic_ungradable/synth_ungradable_00944_blur.jpg,5,0,train
synthetic_ungradable/synth_ungradable_00945_blur.jpg,5,0,train
synthetic_ungradable/synth_ungradable_00946_dark.jpg,5,0,train
synthetic_ungradable/synth_ungradable_00947_blur.jpg,5,0,train
synthetic_ungradable/synth_ungradable_00948_bright.jpg,5,0,train
synthetic_ungradable/synth_ungradable_00949_blur.jpg,5,0,train
synthetic_ungradable/synth_ungradable_00950_dark.jpg,5,0,train
synthetic_ungradable/synth_ungradable_00951_bright.jpg,5,0,train
synthetic_ungradable/synth_ungradable_00952_bright.jpg,5,0,train
synthetic_ungradable/synth_ungradable_00953_blur.jpg,5,0,train
synthetic_ungradable/synth_ungradable_00954_dark.jpg,5,0,train
synthetic_ungradable/synth_ungradable_00955_blur.jpg,5,0,train
synthetic_ungradable/synth_ungradable_00956_blur.jpg,5,0,train
synthetic_ungradable/synth_ungradable_00957_blur.jpg,5,0,train
synthetic_ungradable/synth_ungradable_00958_dark.jpg,5,0,train
synthetic_ungradable/synth_ungradable_00959_blur.jpg,5,0,train
synthetic_ungradable/synth_ungradable_00960_blur.jpg,5,0,train
synthetic_ungradable/synth_ungradable_00961_bright.jpg,5,0,train
synthetic_ungradable/synth_ungradable_00962_bright.jpg,5,0,train
synthetic_ungradable/synth_ungradable_00963_blur.jpg,5,0,train
synthetic_ungradable/synth_ungradable_00964_blur.jpg,5,0,train
synthetic_ungradable/synth_ungradable_00965_bright.jpg,5,0,train
synthetic_ungradable/synth_ungradable_00966_blur.jpg,5,0,train
synthetic_ungradable/synth_ungradable_00967_blur.jpg,5,0,train
synthetic_ungradable/synth_ungradable_00968_blur.jpg,5,0,train
synthetic_ungradable/synth_ungradable_00969_blur.jpg,5,0,train
synthetic_ungradable/synth_ungradable_00970_dark.jpg,5,0,train
synthetic_ungradable/synth_ungradable_00971_bright.jpg,5,0,train
synthetic_ungradable/synth_ungradable_00972_dark.jpg,5,0,train
synthetic_ungradable/synth_ungradable_00973_blur.jpg,5,0,train
synthetic_ungradable/synth_ungradable_00974_bright.jpg,5,0,train
synthetic_ungradable/synth_ungradable_00975_bright.jpg,5,0,train
synthetic_ungradable/synth_ungradable_00976_blur.jpg,5,0,train
synthetic_ungradable/synth_ungradable_00977_blur.jpg,5,0,train
synthetic_ungradable/synth_ungradable_00978_dark.jpg,5,0,train
synthetic_ungradable/synth_ungradable_00979_bright.jpg,5,0,train
synthetic_ungradable/synth_ungradable_00980_blur.jpg,5,0,train
synthetic_ungradable/synth_ungradable_00981_blur.jpg,5,0,train
synthetic_ungradable/synth_ungradable_00982_bright.jpg,5,0,train
synthetic_ungradable/synth_ungradable_00983_bright.jpg,5,0,train
synthetic_ungradable/synth_ungradable_00984_blur.jpg,5,0,train
synthetic_ungradable/synth_ungradable_00985_dark.jpg,5,0,train
synthetic_ungradable/synth_ungradable_00986_bright.jpg,5,0,train
synthetic_ungradable/synth_ungradable_00987_dark.jpg,5,0,train
synthetic_ungradable/synth_ungradable_00988_blur.jpg,5,0,train
synthetic_ungradable/synth_ungradable_00989_bright.jpg,5,0,train
synthetic_ungradable/synth_ungradable_00990_bright.jpg,5,0,train
synthetic_ungradable/synth_ungradable_00991_dark.jpg,5,0,train
synthetic_ungradable/synth_ungradable_00992_blur.jpg,5,0,train
synthetic_ungradable/synth_ungradable_00993_dark.jpg,5,0,train
synthetic_ungradable/synth_ungradable_00994_blur.jpg,5,0,train
synthetic_ungradable/synth_ungradable_00995_bright.jpg,5,0,train
synthetic_ungradable/synth_ungradable_00996_bright.jpg,5,0,train
synthetic_ungradable/synth_ungradable_00997_blur.jpg,5,0,train
synthetic_ungradable/synth_ungradable_00998_dark.jpg,5,0,train
synthetic_ungradable/synth_ungradable_00999_blur.jpg,5,0,train
